<?xml version="1.0" encoding="UTF-8"?>
<mule xmlns:dw="http://www.mulesoft.org/schema/mule/ee/dw" xmlns:metadata="http://www.mulesoft.org/schema/mule/metadata" xmlns:doc="http://www.mulesoft.org/schema/mule/documentation" xmlns="http://www.mulesoft.org/schema/mule/core" xmlns:apikit="http://www.mulesoft.org/schema/mule/apikit" xmlns:http="http://www.mulesoft.org/schema/mule/http" xmlns:spring="http://www.springframework.org/schema/beans" xmlns:xsi="http://www.w3.org/2001/XMLSchema-instance" xsi:schemaLocation="http://www.mulesoft.org/schema/mule/core http://www.mulesoft.org/schema/mule/core/current/mule.xsd
http://www.mulesoft.org/schema/mule/http http://www.mulesoft.org/schema/mule/http/current/mule-http.xsd
http://www.mulesoft.org/schema/mule/apikit http://www.mulesoft.org/schema/mule/apikit/current/mule-apikit.xsd
http://www.springframework.org/schema/beans http://www.springframework.org/schema/beans/spring-beans-3.1.xsd
http://www.mulesoft.org/schema/mule/ee/dw http://www.mulesoft.org/schema/mule/ee/dw/current/dw.xsd">
    <http:listener-config name="api-httpListenerConfig" host="0.0.0.0" port="8081" doc:name="HTTP Listener Configuration"/>
    <apikit:config name="api-config" raml="api.raml" consoleEnabled="false" doc:name="Router"/>
    <http:request-config name="HTTP_Request_Configuration" protocol="HTTPS" host="api.jobvite.com" port="443" basePath="/v1" doc:name="HTTP Request Configuration"/>
    <flow name="api-main">
        <http:listener config-ref="api-httpListenerConfig" path="/api/*" doc:name="HTTP"/>
        <apikit:router config-ref="api-config" doc:name="APIkit Router"/>
        <exception-strategy ref="api-apiKitGlobalExceptionMapping" doc:name="Reference Exception Strategy"/>
    </flow>
    <flow name="api-console">
        <http:listener config-ref="api-httpListenerConfig" path="/console/*" doc:name="HTTP"/>
        <apikit:console config-ref="api-config" doc:name="APIkit Console"/>
    </flow>
    <flow name="get:/candidates:api-config">
        <http:request config-ref="HTTP_Request_Configuration" path="/candidate" method="GET" doc:name="Get All Candidates Jobvite API">
            <http:request-builder>
                <http:query-param paramName="api" value="SolutionArchitect_api_key"/>
                <http:query-param paramName="secret" value="0c6416e5b6f83c1813818f26d1722faf"/>
                <http:query-param paramName="action" value="getCandidates"/>
                <http:query-param paramName="format" value="json"/>
                <http:query-param paramName="dateFormat" value="MM-dd-yyyy"/>
                <http:query-param paramName="datestart" value="#[message.inboundProperties.'http.query.params'.startDate]"/>
                <http:query-param paramName="dateend" value="#[message.inboundProperties.'http.query.params'.endDate]"/>
            </http:request-builder>
        </http:request>
        <dw:transform-message doc:name="Transform Message" metadata:id="4b766b3e-8c53-434f-bc7f-3ec999da6d27">
            <dw:input-payload doc:sample="sample_data/json.json" mimeType="application/json"/>
            <dw:set-payload><![CDATA[%dw 1.0
%output application/json
---
payload.results.candidates map ((candidate , indexOfCandidate) -> {
	lastName: candidate.lastName ++ candidate.firstName,
	hireDate: candidate.hireDate,
	address: {
		country: candidate.address.country,
		address: candidate.address.address,
		city: candidate.address.city,
		postalCode: candidate.address.postalCode,
		state: candidate.address.state
	}
})]]></dw:set-payload>
        </dw:transform-message>
    </flow>
    <flow name="get:/candidates/{id}:api-config">
        <set-payload value="{&#xA;  &quot;firstName&quot;: &quot;Bruce&quot;,&#xA;  &quot;lastName&quot;: &quot;Willis&quot;,&#xA;  &quot;hireDate&quot;: &quot;2015-02-02 00:00:00.0&quot;,&#xA;  &quot;address&quot;: {&#xA;    &quot;country&quot;: &quot;USA&quot;,&#xA;    &quot;address&quot;: &quot;999 Main St&quot;,&#xA;    &quot;city&quot;: &quot;San Francisco&quot;,&#xA;    &quot;postalCode&quot;: &quot;94105&quot;,&#xA;    &quot;state&quot;: &quot;CA&quot;&#xA;  }&#xA;}" doc:name="Set Payload"/>
    </flow>
    <flow name="post:/candidates:api-config">
        <dw:transform-message doc:name="Transform Message" metadata:id="9d8eee1f-fc90-4018-af08-85c9e7305a06">
            <dw:input-payload doc:sample="sample_data/list_json.json"/>
            <dw:set-payload><![CDATA[%dw 1.0
%output application/json
---
{
	action: "updateCandidates",
	version: "v1",
	results: {
		candidates: payload map ((payload01 , indexOfPayload01) -> {
			lastName: payload01.lastName,
			hireDate: payload01.hireDate
		})
	}
}]]></dw:set-payload>
        </dw:transform-message>
        <http:request config-ref="HTTP_Request_Configuration" path="/candidate/updateCandidates" method="POST" doc:name="HTTP"/>
    </flow>
    <apikit:mapping-exception-strategy name="api-apiKitGlobalExceptionMapping">
        <apikit:mapping statusCode="404">
            <apikit:exception value="org.mule.module.apikit.exception.NotFoundException" />
            <set-property propertyName="Content-Type" value="application/json" doc:name="Property"/>
            <set-payload value="{ &quot;message&quot;: &quot;Resource not found&quot; }" doc:name="Set Payload"/>
        </apikit:mapping>
        <apikit:mapping statusCode="405">
            <apikit:exception value="org.mule.module.apikit.exception.MethodNotAllowedException" />
            <set-property propertyName="Content-Type" value="application/json" doc:name="Property"/>
            <set-payload value="{ &quot;message&quot;: &quot;Method not allowed&quot; }" doc:name="Set Payload"/>
        </apikit:mapping>
        <apikit:mapping statusCode="415">
            <apikit:exception value="org.mule.module.apikit.exception.UnsupportedMediaTypeException" />
            <set-property propertyName="Content-Type" value="application/json" doc:name="Property"/>
            <set-payload value="{ &quot;message&quot;: &quot;Unsupported media type&quot; }" doc:name="Set Payload"/>
        </apikit:mapping>
        <apikit:mapping statusCode="406">
            <apikit:exception value="org.mule.module.apikit.exception.NotAcceptableException" />
            <set-property propertyName="Content-Type" value="application/json" doc:name="Property"/>
            <set-payload value="{ &quot;message&quot;: &quot;Not acceptable&quot; }" doc:name="Set Payload"/>
        </apikit:mapping>
        <apikit:mapping statusCode="400">
            <apikit:exception value="org.mule.module.apikit.exception.BadRequestException" />
            <set-property propertyName="Content-Type" value="application/json" doc:name="Property"/>
            <set-payload value="{ &quot;message&quot;: &quot;Bad request&quot; }" doc:name="Set Payload"/>
        </apikit:mapping>
    </apikit:mapping-exception-strategy>
</mule>
